[{
  "_id": {
    "$oid": "660e806ff4634ec15b94e46d"
  },
  "name": "Player 1",
  "heart_rate": 72,
  "heart_rate_variability": 59,
  "steps_taken": 10200,
  "distance_covered": 7.5,
  "calories_burned": 550,
  "calories_consumed": 2200,
  "training_intensity": "High",
  "sleep_duration": 8,
  "sleep_stages1": "20%",
  "sleep_stages2": "25%",
  "resting_heart_rate": 60,
  "blood_oxygen_level": 98,
  "estimated_fluid_intake": 2,
  "estimated_sweat_loss": 1.2,
  "cycling_power_output": 250,
  "running_speed": 10.2,
  "recorded_at": "2024-04-04T08:00:00Z",
  "last_updated": "2024-04-04T08:00:00Z"
},
{
  "_id": {
    "$oid": "660e806ff4634ec15b94e46e"
  },
  "name": "Player 11",
  "heart_rate": 70,
  "heart_rate_variability": 62,
  "steps_taken": 9800,
  "distance_covered": 6.8,
  "calories_burned": 530,
  "calories_consumed": 2100,
  "training_intensity": "Moderate",
  "sleep_duration": 7,
  "sleep_stages1": "25%",
  "sleep_stages2": "20%",
  "resting_heart_rate": 58,
  "blood_oxygen_level": 97,
  "estimated_fluid_intake": 2.5,
  "estimated_sweat_loss": 1,
  "cycling_power_output": 230,
  "running_speed": 9.5,
  "recorded_at": "2024-04-04T08:00:00Z",
  "last_updated": "2024-04-04T08:00:00Z"
},
{
  "_id": {
    "$oid": "660e9604f4634ec15b94e492"
  },
  "name": "Player 2",
  "heart_rate": 76.45,
  "heart_rate_variability": 59.65,
  "steps_taken": 10203.69,
  "distance_covered": 6.22,
  "calories_burned": 548.06,
  "calories_consumed": 2202.29,
  "training_intensity": "High",
  "sleep_duration": 9.85,
  "sleep_stages1": "20%",
  "sleep_stages2": "25%",
  "resting_heart_rate": 56.56,
  "blood_oxygen_level": 94.51,
  "estimated_fluid_intake": -1.94,
  "estimated_sweat_loss": -0.69,
  "cycling_power_output": 248.11,
  "running_speed": 11.23,
  "recorded_at": "2024-04-04T08:00:00Z",
  "last_updated": "2024-04-04T08:00:00Z"
},
{
  "_id": {
    "$oid": "660e9604f4634ec15b94e493"
  },
  "name": "Player 3",
  "heart_rate": 71.41,
  "heart_rate_variability": 58.26,
  "steps_taken": 10202.59,
  "distance_covered": 5.18,
  "calories_burned": 546.32,
  "calories_consumed": 2204.63,
  "training_intensity": "High",
  "sleep_duration": 4.47,
  "sleep_stages1": "20%",
  "sleep_stages2": "25%",
  "resting_heart_rate": 55.56,
  "blood_oxygen_level": 98.07,
  "estimated_fluid_intake": 5.04,
  "estimated_sweat_loss": 5.65,
  "cycling_power_output": 245.14,
  "running_speed": 11.22,
  "recorded_at": "2024-04-04T08:00:00Z",
  "last_updated": "2024-04-04T08:00:00Z"
},
{
  "_id": {
    "$oid": "660e9604f4634ec15b94e494"
  },
  "name": "Player 4",
  "heart_rate": 67.12,
  "heart_rate_variability": 61.39,
  "steps_taken": 10200.65,
  "distance_covered": 10.54,
  "calories_burned": 550.61,
  "calories_consumed": 2197.15,
  "training_intensity": "High",
  "sleep_duration": 6.43,
  "sleep_stages1": "20%",
  "sleep_stages2": "25%",
  "resting_heart_rate": 56.75,
  "blood_oxygen_level": 93.29,
  "estimated_fluid_intake": 1.64,
  "estimated_sweat_loss": 2.34,
  "cycling_power_output": 252.4,
  "running_speed": 5.77,
  "recorded_at": "2024-04-04T08:00:00Z",
  "last_updated": "2024-04-04T08:00:00Z"
},
{
  "_id": {
    "$oid": "660e9604f4634ec15b94e495"
  },
  "name": "Player 5",
  "heart_rate": 76.04,
  "heart_rate_variability": 60.52,
  "steps_taken": 10203.42,
  "distance_covered": 6.86,
  "calories_burned": 546.81,
  "calories_consumed": 2200.44,
  "training_intensity": "High",
  "sleep_duration": 10.83,
  "sleep_stages1": "20%",
  "sleep_stages2": "25%",
  "resting_heart_rate": 60.09,
  "blood_oxygen_level": 98.05,
  "estimated_fluid_intake": 6.53,
  "estimated_sweat_loss": 4.52,
  "cycling_power_output": 245.88,
  "running_speed": 14.66,
  "recorded_at": "2024-04-04T08:00:00Z",
  "last_updated": "2024-04-04T08:00:00Z"
},
{
  "_id": {
    "$oid": "660e9604f4634ec15b94e496"
  },
  "name": "Player 6",
  "heart_rate": 70.36,
  "heart_rate_variability": 60.57,
  "steps_taken": 10201.62,
  "distance_covered": 9.43,
  "calories_burned": 550.56,
  "calories_consumed": 2196.4,
  "training_intensity": "High",
  "sleep_duration": 8.3,
  "sleep_stages1": "20%",
  "sleep_stages2": "25%",
  "resting_heart_rate": 64.87,
  "blood_oxygen_level": 98.5,
  "estimated_fluid_intake": -2.87,
  "estimated_sweat_loss": 3.37,
  "cycling_power_output": 245.51,
  "running_speed": 7.39,
  "recorded_at": "2024-04-04T08:00:00Z",
  "last_updated": "2024-04-04T08:00:00Z"
},
{
  "_id": {
    "$oid": "660e9604f4634ec15b94e497"
  },
  "name": "Player 7",
  "heart_rate": 72.9,
  "heart_rate_variability": 54.46,
  "steps_taken": 10196.81,
  "distance_covered": 12.15,
  "calories_burned": 553.01,
  "calories_consumed": 2195.95,
  "training_intensity": "High",
  "sleep_duration": 9.5,
  "sleep_stages1": "20%",
  "sleep_stages2": "25%",
  "resting_heart_rate": 57.25,
  "blood_oxygen_level": 96.1,
  "estimated_fluid_intake": -0.71,
  "estimated_sweat_loss": -1.48,
  "cycling_power_output": 248.71,
  "running_speed": 8.83,
  "recorded_at": "2024-04-04T08:00:00Z",
  "last_updated": "2024-04-04T08:00:00Z"
},
{
  "_id": {
    "$oid": "660e9604f4634ec15b94e498"
  },
  "name": "Player 8",
  "heart_rate": 69.81,
  "heart_rate_variability": 59.97,
  "steps_taken": 10201.31,
  "distance_covered": 7.16,
  "calories_burned": 547.66,
  "calories_consumed": 2202.99,
  "training_intensity": "High",
  "sleep_duration": 7.04,
  "sleep_stages1": "20%",
  "sleep_stages2": "25%",
  "resting_heart_rate": 56.62,
  "blood_oxygen_level": 99.87,
  "estimated_fluid_intake": -2.19,
  "estimated_sweat_loss": 3.46,
  "cycling_power_output": 249.6,
  "running_speed": 5.79,
  "recorded_at": "2024-04-04T08:00:00Z",
  "last_updated": "2024-04-04T08:00:00Z"
},
{
  "_id": {
    "$oid": "660e9604f4634ec15b94e499"
  },
  "name": "Player 9",
  "heart_rate": 76.97,
  "heart_rate_variability": 56.25,
  "steps_taken": 10201.77,
  "distance_covered": 11.34,
  "calories_burned": 552.33,
  "calories_consumed": 2196.15,
  "training_intensity": "High",
  "sleep_duration": 12.67,
  "sleep_stages1": "20%",
  "sleep_stages2": "25%",
  "resting_heart_rate": 60.62,
  "blood_oxygen_level": 98.09,
  "estimated_fluid_intake": 3.09,
  "estimated_sweat_loss": -3.27,
  "cycling_power_output": 253.32,
  "running_speed": 5.54,
  "recorded_at": "2024-04-04T08:00:00Z",
  "last_updated": "2024-04-04T08:00:00Z"
},
{
  "_id": {
    "$oid": "660e9604f4634ec15b94e49a"
  },
  "name": "Player 10",
  "heart_rate": 69.08,
  "heart_rate_variability": 58.46,
  "steps_taken": 10202.94,
  "distance_covered": 8.9,
  "calories_burned": 552.44,
  "calories_consumed": 2204.28,
  "training_intensity": "High",
  "sleep_duration": 4.66,
  "sleep_stages1": "20%",
  "sleep_stages2": "25%",
  "resting_heart_rate": 63.26,
  "blood_oxygen_level": 99.22,
  "estimated_fluid_intake": -2.53,
  "estimated_sweat_loss": 1.97,
  "cycling_power_output": 254.03,
  "running_speed": 13.6,
  "recorded_at": "2024-04-04T08:00:00Z",
  "last_updated": "2024-04-04T08:00:00Z"
}]