[{
  "_id": {
    "$oid": "660b07afb1d8acd97208fd05"
  },
  "player_name": "Player One",
  "age": 22,
  "position": "2aa",
  "games_played": 3,
  "average_score": 2,
  "team": "west",
  "account_users_name": "s1961348@ed.ac.uk"
},
{
  "_id": {
    "$oid": "660b81757cdb4a74c07e6c89"
  },
  "name": "Player Two",
  "age": "23",
  "positions": "2bb",
  "team": "west",
  "games_played": "22",
  "average_score": "3",
  "user_name": "s1961348@ed.ac.us"
},
{
  "_id": {
    "$oid": "660c491b6a29c3680302a198"
  },
  "name": "Player Three",
  "age": "45",
  "positions": "goalkeeper",
  "team": "west",
  "games_played": "26",
  "average_score": "4",
  "user_name": "s1961348@ed.ac.au"
},
{
  "_id": {
    "$oid": "660cd7700fad2077c611a817"
  },
  "name": "Player Four",
  "age": "25",
  "positions": "goalkeeper1",
  "team": "west",
  "games_played": "6",
  "average_score": "22",
  "user_name": "s1961348@ed.ac"
}]